Chrom	Start	Stop	Type	P_Value
chr1	42535	48184	DUPLICATION	0.9999999199939319
chr1	772696	775963	DUPLICATION	0.9999999732624572
chr1	1207313	1207801	DUPLICATION	0.9999995716861441
chr1	1366602	1367672	DUPLICATION	0.999999999999979
chr1	2331975	2332228	DUPLICATION	0.999973845758103
chr1	2685002	2697564	DUPLICATION	0.9999999999998771
chr1	2774079	2775267	DUPLICATION	0.999984399945568
chr1	4654468	4655976	DUPLICATION	0.99995712404236
chr1	11654312	11655268	DUPLICATION	0.999998634600427
chr1	12839142	12893250	DUPLICATION	1.0
chr1	13193151	13201808	DUPLICATION	1.0
chr1	16057174	16058548	DUPLICATION	0.9999994078080959
chr1	21689195	21690227	DUPLICATION	0.9999999980936809
chr1	21998789	22000042	DUPLICATION	0.999999997446284
chr1	28648523	28681463	DUPLICATION	0.999990777413937
chr1	44138599	44148645	DUPLICATION	0.999999969419104
chr1	52746685	52749371	DUPLICATION	0.9999999999760101
chr1	61648707	61652660	DUPLICATION	1.0
chr1	62155775	62158249	DUPLICATION	0.99999059571253
chr1	84246366	84249758	DUPLICATION	0.999999998877447
chr1	103181774	103183423	DUPLICATION	0.9999999758648759
chr1	104712300	104713583	DUPLICATION	0.99999999996148
chr1	111486404	111488657	DUPLICATION	0.9999862858946401
chr1	112150766	112161319	DUPLICATION	1.0
chr1	125176215	125177920	DUPLICATION	0.999997698896243
chr1	125181068	125181624	DUPLICATION	0.999993841522004
chr1	143345394	143420137	DUPLICATION	0.9999999761898198
chr1	143472920	143489825	DUPLICATION	0.9999999999878241
chr1	143498300	143499028	DUPLICATION	0.9999994104700061
chr1	143541157	143972631	DUPLICATION	1.0
chr1	144625507	144632675	DUPLICATION	0.99999999948899
chr1	144881884	144885737	DUPLICATION	0.9999942826345609
chr1	146203969	146257215	DUPLICATION	0.999999999999996
chr1	161443755	161472593	DUPLICATION	1.0
chr1	194302859	194304379	DUPLICATION	0.9999985141963791
chr1	196766844	196842267	DUPLICATION	1.0
chr1	221701343	221702115	DUPLICATION	0.9999994823903221
chr1	234183429	234184301	DUPLICATION	0.999999869912989
chr1	131173	133161	DELETION	0.9999994324333971
chr1	185672	190134	DELETION	0.9999999545271899
chr1	264558	274606	DELETION	0.999999999999974
chr1	379171	397877	DELETION	1.0
chr1	594297	597034	DELETION	1.0
chr1	615576	687359	DELETION	1.0
chr1	1675133	1676288	DELETION	1.0
chr1	1708729	1716117	DELETION	0.999999980394698
chr1	5414116	5414228	DELETION	0.999970522847516
chr1	11209679	11209861	DELETION	0.999999908604471
chr1	12893492	12895867	DELETION	0.9999999999411691
chr1	12910859	12913040	DELETION	0.999999991008774
chr1	12917804	12926353	DELETION	1.0
chr1	12937479	12939377	DELETION	0.99999695900124
chr1	12940550	12946669	DELETION	0.9999999999999809
chr1	13048199	13050982	DELETION	1.0
chr1	13072347	13074022	DELETION	0.9999999999999879
chr1	13153147	13154991	DELETION	0.999999999999967
chr1	13172187	13172676	DELETION	0.9999960103478579
chr1	13300430	13300853	DELETION	0.999999999999984
chr1	16553731	16555089	DELETION	0.9999989615214381
chr1	16567783	16569797	DELETION	0.9999999999862241
chr1	16701011	16703831	DELETION	0.9999978861907901
chr1	17097431	17097836	DELETION	0.999988107700781
chr1	21423938	21427834	DELETION	0.9999999784284829
chr1	25266406	25324142	DELETION	0.999999999999963
chr1	31199915	31203414	DELETION	0.999992924603644
chr1	39001859	39001944	DELETION	0.999999995668706
chr1	45619263	45621242	DELETION	0.9999999916730021
chr1	53128118	53129833	DELETION	0.9999981748075358
chr1	57951048	57951991	DELETION	0.999987196571308
chr1	64566355	64566504	DELETION	0.99999992178699
chr1	68277803	68278114	DELETION	0.999999180684794
chr1	97173701	97179169	DELETION	0.9999940515236508
chr1	100528596	100528646	DELETION	0.999999989315914
chr1	103597290	103602039	DELETION	0.9999999999896879
chr1	103619494	103657307	DELETION	1.0
chr1	103678764	103687421	DELETION	0.999999999999986
chr1	103936878	103938243	DELETION	0.999999825329033
chr1	107181489	107181561	DELETION	0.9999998960722428
chr1	108232423	108242060	DELETION	0.999999999991932
chr1	108272763	108286477	DELETION	0.999997516093923
chr1	108380635	108383781	DELETION	0.9999768297133341
chr1	108447268	108452758	DELETION	1.0
chr1	109711835	109711957	DELETION	0.999992318985703
chr1	119999528	119999589	DELETION	0.9999823743594921
chr1	120197509	120214988	DELETION	0.9999999996138459
chr1	120584612	120664428	DELETION	1.0
chr1	120695165	120695349	DELETION	0.999995300482163
chr1	120733829	120738620	DELETION	0.9999992223166329
chr1	120778902	120794151	DELETION	0.9999999999907181
chr1	120804517	120838490	DELETION	1.0
chr1	120845058	120847710	DELETION	0.9999991066663789
chr1	120865010	120912556	DELETION	0.999999999999996
chr1	125167995	125170645	DELETION	1.0
chr1	125174227	125174279	DELETION	0.999997351054876
chr1	125182227	125183212	DELETION	0.9999948309498701
chr1	143186435	143186534	DELETION	0.999999999999975
chr1	143190491	143192213	DELETION	1.0
chr1	143199556	143203270	DELETION	1.0
chr1	143209087	143210704	DELETION	0.999999448618454
chr1	143221156	143221452	DELETION	0.9999999998457758
chr1	143227342	143232204	DELETION	1.0
chr1	143238991	143239215	DELETION	0.999999999856437
chr1	143240524	143243591	DELETION	1.0
chr1	143247596	143248707	DELETION	0.9999999925068741
chr1	143252119	143252353	DELETION	0.99999656659979
chr1	143254405	143256750	DELETION	0.999999999530766
chr1	143260390	143260504	DELETION	0.999994312903535
chr1	143263222	143263720	DELETION	0.999999997658198
chr1	144429771	144435175	DELETION	0.9999576669170099
chr1	144546488	144546886	DELETION	0.9999976838493391
chr1	144560258	144561064	DELETION	0.9999999999981031
chr1	146154002	146156572	DELETION	0.999997742648075
chr1	148477615	148479006	DELETION	0.999997702908192
chr1	148616180	148625488	DELETION	0.9999996914211591
chr1	148645448	148659045	DELETION	0.9999999554822591
chr1	149278587	149281423	DELETION	0.9999999439400479
chr1	149495296	149512445	DELETION	0.999999999345389
chr1	149724054	149726681	DELETION	0.9999999999458371
chr1	152213624	152216580	DELETION	1.0
chr1	153030006	153030389	DELETION	0.999972783432447
chr1	158721277	158725517	DELETION	0.999999775509361
chr1	158885330	158900296	DELETION	0.9999999998972081
chr1	159044014	159050266	DELETION	0.999999999999999
chr1	160164267	160166561	DELETION	0.9999854653184241
chr1	161591362	161592614	DELETION	0.999998779941006
chr1	164079440	164082870	DELETION	0.99999986865036
chr1	181136008	181136038	DELETION	1.0
chr1	187774872	187776960	DELETION	0.9999999999999809
chr1	196851380	196852790	DELETION	0.99999999999992
chr1	207552656	207552817	DELETION	0.9999999997819309
chr1	210652449	210654110	DELETION	0.999999741959345
chr1	213772667	213773353	DELETION	0.999999991728282
chr1	234132065	234133680	DELETION	0.9999551574355799
chr1	236003077	236003215	DELETION	0.9999997897675009
chr1	237033549	237034236	DELETION	0.9999988273144491
chr1	241680747	241681115	DELETION	0.999999942566868
chr1	246812722	246815203	DELETION	0.9999999984453629
chr1	247462436	247462530	DELETION	1.0
chr1	247949437	247949493	DELETION	0.999999802191733
chr1	248559118	248559359	DELETION	0.9999978816822359
chr2	495132	495809	DUPLICATION	0.9999999998565491
chr2	658420	659605	DUPLICATION	0.999999561294343
chr2	1565422	1566188	DUPLICATION	0.9999749876490072
chr2	1861449	1861851	DUPLICATION	0.999994469198356
chr2	2331278	2331468	DUPLICATION	0.999990221856714
chr2	3518870	3519872	DUPLICATION	0.999989688071093
chr2	3540098	3545136	DUPLICATION	0.9999627152573392
chr2	9983664	9983861	DUPLICATION	0.999973155612452
chr2	10010946	10012462	DUPLICATION	0.999999921791847
chr2	32915413	32919420	DUPLICATION	0.999999197743129
chr2	52723622	52724193	DUPLICATION	0.999999982480146
chr2	59396185	59397148	DUPLICATION	0.999967829694448
chr2	68249301	68250181	DUPLICATION	0.9999945111232579
chr2	79524460	79534533	DUPLICATION	1.0
chr2	87524771	87529799	DUPLICATION	0.999989918664834
chr2	87531582	87539076	DUPLICATION	1.0
chr2	91476807	91479458	DUPLICATION	0.9999999999980269
chr2	113494706	113504143	DUPLICATION	1.0
chr2	115744694	115745726	DUPLICATION	1.0
chr2	131460830	131462711	DUPLICATION	0.999971042124758
chr2	132037866	132038908	DUPLICATION	0.999999999986079
chr2	133829488	133829820	DUPLICATION	0.999990545798355
chr2	154834843	154835508	DUPLICATION	0.9999998555250591
chr2	169561749	169562152	DUPLICATION	0.9999999995831619
chr2	196278239	196278509	DUPLICATION	0.9999999509869809
chr2	211427218	211428320	DUPLICATION	0.999999999935355
chr2	212320484	212320741	DUPLICATION	0.9999982113474352
chr2	227671701	227672521	DUPLICATION	0.999999999840186
chr2	240690732	240692511	DUPLICATION	1.0
chr2	1054496	1054964	DELETION	0.999999992206625
chr2	1112527	1113159	DELETION	0.999987330731752
chr2	1147750	1151312	DELETION	1.0
chr2	1554915	1557281	DELETION	0.999999999999972
chr2	4449167	4449880	DELETION	0.999999851083029
chr2	6520057	6520883	DELETION	0.9999961722049711
chr2	9748753	9750243	DELETION	0.999989517627848
chr2	14166420	14168839	DELETION	0.9999987072552999
chr2	18851739	18854152	DELETION	0.9999976141396829
chr2	27940616	27940643	DELETION	0.9999999988738059
chr2	28954368	28954628	DELETION	0.9999598004039391
chr2	33975291	33975436	DELETION	0.9999953706880671
chr2	42350651	42350676	DELETION	0.999988485939025
chr2	42978370	42978636	DELETION	0.9999990606397471
chr2	51438347	51440059	DELETION	0.9999852262312641
chr2	52527559	52556535	DELETION	1.0
chr2	64020149	64020180	DELETION	0.999999999999935
chr2	73474372	73474416	DELETION	0.9999813594482121
chr2	73798096	73807812	DELETION	0.9999999999999591
chr2	87894452	87902368	DELETION	0.999999999932506
chr2	88109271	88111839	DELETION	0.9999999583485709
chr2	89323465	89325157	DELETION	0.9999772821055741
chr2	89790889	89795997	DELETION	1.0
chr2	89807740	89841295	DELETION	0.9999999999999921
chr2	89861507	89861632	DELETION	0.9999999998146359
chr2	89878789	89883691	DELETION	0.999999998668063
chr2	91406907	91408010	DELETION	0.9999988058599301
chr2	91617097	91617142	DELETION	0.9999999999740801
chr2	96026995	96032289	DELETION	0.9999999999997621
chr2	97054352	97055534	DELETION	0.9999994947454399
chr2	97069293	97072508	DELETION	0.999999999999957
chr2	97185847	97191443	DELETION	0.999999982700446
chr2	97506039	97506864	DELETION	0.9999999832270959
chr2	98868346	98868374	DELETION	0.9999657369981341
chr2	99065935	99067078	DELETION	0.999995337840235
chr2	100094733	100094883	DELETION	0.99999792115401
chr2	107865064	107866889	DELETION	0.9999972625984399
chr2	107869012	107871568	DELETION	0.999999999997537
chr2	107891508	107892533	DELETION	0.99999999994369
chr2	107921136	107923854	DELETION	0.9999999972888031
chr2	108447753	108448003	DELETION	0.999999535456395
chr2	111408049	111424363	DELETION	1.0
chr2	111552994	111553418	DELETION	0.999999425949904
chr2	111608163	111609067	DELETION	1.0
chr2	112722892	112723362	DELETION	0.999999462940494
chr2	113480575	113480643	DELETION	0.9999924961290791
chr2	113623699	113624439	DELETION	0.9999999999995601
chr2	113872838	113872895	DELETION	0.9999569047117021
chr2	115712600	115713133	DELETION	0.9999997365912859
chr2	131761769	131765102	DELETION	0.999999999999976
chr2	138221607	138222098	DELETION	0.999984866656235
chr2	153474782	153475348	DELETION	0.999999999999999
chr2	182766695	182767109	DELETION	0.999986465290847
chr2	187288582	187288695	DELETION	0.999995646125617
chr2	197806942	197807557	DELETION	0.9999855830517009
chr2	217113006	217113439	DELETION	0.999965996356264
chr2	220038995	220039318	DELETION	0.999999999999948
chr2	222923819	222923886	DELETION	0.999957848700091
chr2	230326168	230326342	DELETION	0.9999999996138571
chr2	234594710	234597257	DELETION	0.999999587121437
chr2	239346516	239346634	DELETION	0.999986498604557
chr2	239893770	239894046	DELETION	0.999999981224422
chr2	240185872	240186203	DELETION	0.9999752123832409
chr2	240682331	240684831	DELETION	1.0
chr2	242167341	242178391	DELETION	1.0
chr3	1599255	1599706	DUPLICATION	0.9999999995038891
chr3	4153525	4157798	DUPLICATION	0.999999999733717
chr3	11942349	11943569	DUPLICATION	0.9999983538209369
chr3	15590379	15593783	DUPLICATION	0.9999993476556791
chr3	15802965	15805097	DUPLICATION	0.999985918404713
chr3	23687666	23692688	DUPLICATION	0.9999807224831291
chr3	24879917	24880368	DUPLICATION	0.9999937186081921
chr3	25130906	25131110	DUPLICATION	0.999999499936212
chr3	29242796	29244467	DUPLICATION	0.9999993309326608
chr3	30003818	30005188	DUPLICATION	0.999999999685403
chr3	30172444	30172772	DUPLICATION	0.999955089634967
chr3	35936014	35936399	DUPLICATION	0.999959573998666
chr3	52697538	52699091	DUPLICATION	0.9999548340219722
chr3	63426894	63427259	DUPLICATION	0.999999981748649
chr3	82986400	82990766	DUPLICATION	0.999972763927428
chr3	83164155	83182114	DUPLICATION	0.9999999995464399
chr3	86235690	86236565	DUPLICATION	0.999991754696771
chr3	99225056	99229770	DUPLICATION	0.999998833063374
chr3	146260977	146262468	DUPLICATION	0.9999955938865059
chr3	149244969	149252374	DUPLICATION	0.9999999999999979
chr3	191346859	191353872	DUPLICATION	0.9999999999993571
chr3	195784966	195785316	DUPLICATION	0.9999939844761608
chr3	198116973	198123676	DUPLICATION	1.0
chr3	253514	255342	DELETION	0.9999750939949441
chr3	1414771	1415182	DELETION	0.9999877147328841
chr3	1419769	1420551	DELETION	1.0
chr3	1857443	1857771	DELETION	0.99999958992767
chr3	3804797	3807019	DELETION	0.999998478186354
chr3	4896376	4899052	DELETION	0.999995007456456
chr3	8144172	8144247	DELETION	0.9999997622329609
chr3	8502207	8502609	DELETION	0.9999999777581852
chr3	8911549	8911955	DELETION	0.9999999241516171
chr3	8913914	8914019	DELETION	0.999999867335622
chr3	12068197	12070949	DELETION	0.999996060597118
chr3	14809226	14809277	DELETION	0.9999998777371321
chr3	14866760	14867084	DELETION	0.9999996421667281
chr3	16974636	16976913	DELETION	0.999999978395537
chr3	21860473	21860576	DELETION	0.999999068734625
chr3	22069408	22070470	DELETION	0.9999832881949019
chr3	30758313	30758414	DELETION	0.9999999999866991
chr3	30792156	30793608	DELETION	0.9999863826385799
chr3	44206456	44206637	DELETION	0.999997400231521
chr3	47363967	47364080	DELETION	0.999996513237118
chr3	47507872	47509691	DELETION	0.999985121428306
chr3	56514615	56514974	DELETION	0.999999999997102
chr3	60860190	60860384	DELETION	0.9999993428718861
chr3	73730124	73733273	DELETION	0.999957538569728
chr3	75519177	75545463	DELETION	1.0
chr3	75549103	75561044	DELETION	0.999999999957881
chr3	75565176	75565843	DELETION	0.999991303308525
chr3	75581380	75582823	DELETION	0.999999928625261
chr3	98221223	98221958	DELETION	0.999999992015919
chr3	100844923	100845720	DELETION	0.999982583369735
chr3	111313163	111313584	DELETION	0.999993448635698
chr3	125723990	125725529	DELETION	0.9999999834791851
chr3	125730253	125734506	DELETION	1.0
chr3	130044039	130087797	DELETION	1.0
chr3	131905986	131908651	DELETION	0.9999663403270921
chr3	132270778	132274123	DELETION	0.999999999885881
chr3	146569822	146570628	DELETION	0.999999194737106
chr3	153774165	153778204	DELETION	0.999998782143638
chr3	179936297	179937014	DELETION	0.999972509350355
chr3	194846553	194847737	DELETION	0.9999999999610971
chr3	195481378	195499402	DELETION	0.999999999998643
chr3	195616751	195731835	DELETION	1.0
chr3	195737619	195738440	DELETION	0.999985019655305
chr3	195952767	195953711	DELETION	0.999999999999111
chr3	195965179	195986904	DELETION	1.0
chr3	197623622	197625774	DELETION	0.99999999999902
chr3	197665307	197667192	DELETION	0.999999105666879
chr4	4121846	4150398	DUPLICATION	1.0
chr4	9182768	9189090	DUPLICATION	0.999978116728141
chr4	49611692	49615228	DUPLICATION	0.999990580606639
chr4	58873094	58878028	DUPLICATION	0.9999999999992759
chr4	60554008	60555510	DUPLICATION	0.9999999977388342
chr4	75790060	75798232	DUPLICATION	0.9999841767688359
chr4	87393978	87395068	DUPLICATION	0.9999999026156451
chr4	123616813	123617215	DUPLICATION	0.999979273412475
chr4	131745661	131763079	DUPLICATION	0.999996164538402
chr4	180815010	180818309	DUPLICATION	0.999980259447593
chr4	189810390	189811016	DUPLICATION	0.999993281272212
chr4	3597666	3599468	DELETION	0.9999999999999929
chr4	8956726	8956858	DELETION	0.9999969370664442
chr4	9223966	9234412	DELETION	0.999999999999979
chr4	9265146	9359580	DELETION	1.0
chr4	13056348	13066239	DELETION	0.999999997567521
chr4	21394963	21395816	DELETION	0.9999999998898991
chr4	31376378	31376624	DELETION	0.999991721527387
chr4	34784334	34803105	DELETION	1.0
chr4	37707766	37708541	DELETION	0.999999999320547
chr4	49227601	49243664	DELETION	1.0
chr4	49283641	49312147	DELETION	1.0
chr4	49321705	49326614	DELETION	1.0
chr4	49510446	49512986	DELETION	1.0
chr4	49556159	49558539	DELETION	0.999999999996981
chr4	49561205	49567849	DELETION	0.9999999997004441
chr4	57284010	57284599	DELETION	0.999999820087335
chr4	57608891	57609354	DELETION	0.9999770332248209
chr4	68509760	68520690	DELETION	0.9999999999697271
chr4	68567997	68625460	DELETION	0.9999999994514019
chr4	72764417	72767428	DELETION	0.999999993298684
chr4	75893860	75899807	DELETION	0.9999999824377841
chr4	81786653	81786702	DELETION	0.999999170230087
chr4	94668580	94669008	DELETION	0.999956098152685
chr4	111233974	111235537	DELETION	0.999999990035359
chr4	113901816	113902161	DELETION	1.0
chr4	119331978	119333283	DELETION	0.999999410044154
chr4	123404450	123404619	DELETION	0.9999999999954658
chr4	123560573	123561037	DELETION	0.9999999999998671
chr4	131723249	131723411	DELETION	0.9999999999025608
chr4	131731126	131738705	DELETION	0.999999999997756
chr4	144230119	144230453	DELETION	0.999989956792877
chr4	163858169	163866459	DELETION	0.999995002771783
chr4	166278244	166278805	DELETION	0.9999928706110771
chr4	179130681	179130881	DELETION	0.999999999641075
chr4	186625982	186627236	DELETION	0.999999999989065
chr4	187066307	187067237	DELETION	0.999998996382393
chr4	188011049	188011597	DELETION	0.9999636672589108
chr4	188506202	188506555	DELETION	0.9999968359102142
chr4	189233964	189235423	DELETION	1.0
chr4	190021710	190022636	DELETION	1.0
chr4	190068896	190090018	DELETION	1.0
chr4	190174470	190187415	DELETION	1.0
chr5	769606	771829	DUPLICATION	0.9999998103886959
chr5	14870352	14872112	DUPLICATION	0.999978798748119
chr5	17067311	17068259	DUPLICATION	0.999960536129996
chr5	19374620	19376790	DUPLICATION	0.9999999213533921
chr5	69635672	69805005	DUPLICATION	0.999999973443347
chr5	70415173	70427609	DUPLICATION	0.999999803756499
chr5	70509024	70511178	DUPLICATION	0.9999975211383499
chr5	70978792	71048816	DUPLICATION	0.9999999999999949
chr5	73947383	73947804	DUPLICATION	0.999999999037973
chr5	83655962	83660987	DUPLICATION	1.0
chr5	90508382	90513189	DUPLICATION	0.9999964493592259
chr5	118544478	118544758	DUPLICATION	0.999999999963315
chr5	123140033	123140636	DUPLICATION	0.999999169363253
chr5	128537402	128538590	DUPLICATION	0.999997521243451
chr5	142608383	142608798	DUPLICATION	0.999991680686998
chr5	154387823	154388706	DUPLICATION	0.999999807474482
chr5	160419296	160419761	DUPLICATION	0.9999908129027758
chr5	162245149	162245959	DUPLICATION	0.9999560608556222
chr5	177973704	177978068	DUPLICATION	0.9999997514015999
chr5	180352040	180354347	DUPLICATION	0.9999999999260392
chr5	181164230	181166088	DUPLICATION	0.999999947768548
chr5	774712	774932	DELETION	0.99999790273389
chr5	1044537	1044663	DELETION	0.999999999999751
chr5	2656926	2657152	DELETION	0.9999669685466079
chr5	8023864	8023941	DELETION	0.999995921464355
chr5	8034253	8034829	DELETION	0.9999975318095191
chr5	9207810	9207933	DELETION	0.9999999999053091
chr5	9593898	9593977	DELETION	0.9999999600096979
chr5	10283211	10284159	DELETION	0.999987646285457
chr5	10348842	10348875	DELETION	0.9999894925091191
chr5	12057444	12057579	DELETION	0.99999989299779
chr5	19216140	19216196	DELETION	0.9999999879595991
chr5	20769825	20773454	DELETION	0.9999999999981579
chr5	20832508	20834833	DELETION	1.0
chr5	29676019	29676082	DELETION	0.9999999999991429
chr5	31898424	31900382	DELETION	0.999961069616037
chr5	32330471	32331825	DELETION	0.9999893854395608
chr5	33382128	33383046	DELETION	0.9999999993224291
chr5	57514972	57515581	DELETION	0.999989343313139
chr5	59394584	59402618	DELETION	0.99999672684103
chr5	69633793	69635085	DELETION	0.9999998644377929
chr5	69914521	69943039	DELETION	0.999999996652018
chr5	70140402	70141847	DELETION	0.9999997364875931
chr5	70318084	70331388	DELETION	0.999999780725175
chr5	70776739	70809480	DELETION	1.0
chr5	71110607	71130848	DELETION	0.9999913526737281
chr5	71173516	71175886	DELETION	0.999964368576588
chr5	71209196	71279916	DELETION	0.9999999999980369
chr5	77558681	77560111	DELETION	0.9999983450203249
chr5	78423007	78423112	DELETION	0.9999752203385991
chr5	80692092	80692856	DELETION	0.999999999993639
chr5	85105707	85105882	DELETION	0.9999999895337109
chr5	85955878	85958323	DELETION	0.9999999657149279
chr5	94727816	94730923	DELETION	0.999972757225707
chr5	95072082	95072119	DELETION	0.9999999998986558
chr5	96297026	96298880	DELETION	0.999999999430386
chr5	99532655	99537125	DELETION	1.0
chr5	100342421	100342761	DELETION	0.9999804941368579
chr5	100390870	100392036	DELETION	1.0
chr5	106987661	106990406	DELETION	0.9999984124124001
chr5	108014232	108016379	DELETION	0.999999987957771
chr5	109353786	109354391	DELETION	0.9999989063683492
chr5	113376512	113376609	DELETION	0.9999999981920681
chr5	131014065	131022756	DELETION	0.9999557692355808
chr5	131494253	131494789	DELETION	0.999971134066333
chr5	141174750	141179880	DELETION	1.0
chr5	148168320	148168857	DELETION	0.999999991221166
chr5	155531562	155552981	DELETION	1.0
chr5	165209821	165209858	DELETION	0.9999794827387869
chr5	170171514	170172363	DELETION	0.9999999599592041
chr5	175217635	175217754	DELETION	0.999999999866208
chr5	176061673	176063622	DELETION	1.0
chr5	177799536	177808917	DELETION	1.0
chr5	180949805	181004319	DELETION	1.0
chr5	181366659	181368248	DELETION	0.999994494719751
chr5	181421443	181425922	DELETION	0.999999217886989
chr5	181440580	181452294	DELETION	0.999999999999215
chr6	258026	296028	DUPLICATION	1.0
chr6	12010588	12013912	DUPLICATION	0.999999945177403
chr6	16950401	16950982	DUPLICATION	0.99999996136435
chr6	21796064	21799225	DUPLICATION	0.9999955475949259
chr6	29884761	29936908	DUPLICATION	1.0
chr6	29942582	29943058	DUPLICATION	0.9999999906486758
chr6	31312007	31346639	DUPLICATION	1.0
chr6	31389315	31484495	DUPLICATION	1.0
chr6	32464091	32464630	DUPLICATION	0.9999997865558109
chr6	32519438	32551505	DUPLICATION	0.999999999999493
chr6	32597553	32608027	DUPLICATION	0.999999999999814
chr6	32625275	32632219	DUPLICATION	0.999990604778857
chr6	33702337	33702457	DUPLICATION	0.999983501834342
chr6	38803626	38803935	DUPLICATION	0.999999046135633
chr6	48083027	48086488	DUPLICATION	0.999956586730636
chr6	61926789	61928119	DUPLICATION	0.999972010165894
chr6	65114262	65114499	DUPLICATION	0.999998843644714
chr6	65364447	65372024	DUPLICATION	1.0
chr6	74824711	74825235	DUPLICATION	0.9999984553992001
chr6	76656048	76656333	DUPLICATION	0.99999821360841
chr6	78170176	78183013	DUPLICATION	0.999999999999628
chr6	78811358	78817540	DUPLICATION	0.9999999999999949
chr6	87408347	87409557	DUPLICATION	0.9999999409772851
chr6	89350031	89356610	DUPLICATION	0.999983050340117
chr6	92866569	92869090	DUPLICATION	0.9999999997399641
chr6	99845412	99845921	DUPLICATION	0.999992860599811
chr6	101034757	101041901	DUPLICATION	0.9999999996274771
chr6	103445287	103445462	DUPLICATION	0.9999986838451209
chr6	134268977	134272634	DUPLICATION	0.999997990283647
chr6	135426137	135429887	DUPLICATION	0.999958645928046
chr6	138823310	138824040	DUPLICATION	0.9999902023012379
chr6	148484338	148484626	DUPLICATION	0.9999698579129599
chr6	151753320	151754353	DUPLICATION	0.9999614133739101
chr6	155440113	155440468	DUPLICATION	0.9999988067290491
chr6	157280738	157282950	DUPLICATION	0.9999999816767329
chr6	160632080	160635156	DUPLICATION	0.9999999999758891
chr6	161305864	161306761	DUPLICATION	0.99999728205696
chr6	168847001	168847898	DUPLICATION	0.9999999965355619
chr6	169024717	169025964	DUPLICATION	0.9999993334419879
chr6	170097605	170098683	DUPLICATION	0.9999965240540959
chr6	170398397	170400143	DUPLICATION	1.0
chr6	170466291	170467406	DUPLICATION	0.999990218504782
chr6	95198	124784	DELETION	0.9999999999999979
chr6	699653	699796	DELETION	0.9999999997359871
chr6	1710230	1711625	DELETION	0.9999976590385009
chr6	3717733	3718054	DELETION	0.9999999958654431
chr6	7442874	7443198	DELETION	0.9999999963113401
chr6	8943103	8943970	DELETION	0.999999984408327
chr6	14742399	14743373	DELETION	1.0
chr6	26734946	26741104	DELETION	0.999999999999999
chr6	26753697	26768161	DELETION	1.0
chr6	27035971	27037641	DELETION	0.9999715853728589
chr6	28381922	28383193	DELETION	0.999999998872199
chr6	28695156	28697586	DELETION	0.9999999260749179
chr6	29440179	29440945	DELETION	0.9999982288899821
chr6	29800347	29800727	DELETION	0.999999990734604
chr6	29956444	29957492	DELETION	0.999999772540403
chr6	31165733	31166346	DELETION	0.99999522328973
chr6	31264471	31272577	DELETION	1.0
chr6	31275802	31276555	DELETION	1.0
chr6	31305370	31305646	DELETION	0.9999999975623991
chr6	31355204	31355289	DELETION	0.9999999981020521
chr6	31356935	31358513	DELETION	1.0
chr6	31488148	31488669	DELETION	0.9999937877224201
chr6	31504944	31505202	DELETION	0.9999933614213058
chr6	32037739	32038611	DELETION	0.9999961055330171
chr6	32435879	32436359	DELETION	0.9999856638642621
chr6	32580515	32581460	DELETION	1.0
chr6	32621441	32623214	DELETION	1.0
chr6	32692102	32696503	DELETION	0.9999990619203549
chr6	32699986	32701055	DELETION	0.9999999999993299
chr6	33085316	33086681	DELETION	1.0
chr6	35823480	35823745	DELETION	0.9999942041591979
chr6	47994790	47995293	DELETION	0.9999955126550241
chr6	54558740	54559621	DELETION	0.9999993284179359
chr6	58090147	58090567	DELETION	0.9999661283093699
chr6	63019785	63020631	DELETION	0.999970221368707
chr6	64257825	64259857	DELETION	0.9999988386439441
chr6	73882307	73887747	DELETION	0.9999999999991329
chr6	74733748	74735112	DELETION	0.9999999973926629
chr6	81857486	81857596	DELETION	0.9999753547100151
chr6	88537934	88539147	DELETION	0.999998819822753
chr6	96725221	96725293	DELETION	0.999981283308211
chr6	98770166	98770401	DELETION	0.9999999923063541
chr6	102870940	102871014	DELETION	0.9999998866508392
chr6	104416685	104416727	DELETION	0.999959189643558
chr6	111392100	111401722	DELETION	0.9999991956838331
chr6	119187674	119189777	DELETION	0.999979764209445
chr6	131702616	131709421	DELETION	1.0
chr6	133369941	133370977	DELETION	0.999999973700735
chr6	143575011	143575207	DELETION	0.99999982976693
chr6	144278667	144281003	DELETION	0.999999947280955
chr6	160624417	160624450	DELETION	0.999999999887542
chr6	166783744	166783840	DELETION	0.9999999336444929
chr6	167220975	167222061	DELETION	0.999999468424824
chr6	167358482	167358698	DELETION	0.999967337754752
chr6	167374352	167381399	DELETION	1.0
chr6	167384489	167390710	DELETION	0.9999999993430759
chr6	168290257	168291079	DELETION	0.9999999993058459
chr6	168911335	168911631	DELETION	0.9999987988517309
chr6	168934769	168934885	DELETION	0.9999999999971941
chr6	169967203	169968985	DELETION	0.9999999643346609
chr6	169971051	169971208	DELETION	0.9999999999557209
chr6	170446441	170446658	DELETION	0.999989424820598
chr6	170501025	170503975	DELETION	0.9999925710859491
chr6	170631943	170638953	DELETION	0.9999999994170571
chr7	6925625	6927189	DUPLICATION	0.9999997648657439
chr7	8383668	8383839	DUPLICATION	0.9999860915929591
chr7	12193958	12194395	DUPLICATION	0.999998099446502
chr7	41913855	41916331	DUPLICATION	0.999967207103109
chr7	49399910	49402756	DUPLICATION	0.9999999364186222
chr7	54529273	54529796	DUPLICATION	0.9999998432963051
chr7	56995995	57002025	DUPLICATION	0.999999999973491
chr7	57009894	57013576	DUPLICATION	0.9999893377830641
chr7	60955782	60956280	DUPLICATION	0.999999999839803
chr7	60992243	60992854	DUPLICATION	0.999990319761556
chr7	62360362	62360659	DUPLICATION	0.9999662617541251
chr7	62376578	62377464	DUPLICATION	0.999973249209132
chr7	63750020	63759584	DUPLICATION	1.0
chr7	63763092	63765348	DUPLICATION	0.99998029948786
chr7	68843570	68843703	DUPLICATION	0.99999440889358
chr7	74747879	74771654	DUPLICATION	0.9999995359114151
chr7	74851454	74860621	DUPLICATION	0.999999995110671
chr7	76945590	76955444	DUPLICATION	0.9999726801504509
chr7	97767556	97771958	DUPLICATION	0.9999999995365759
chr7	103445502	103447204	DUPLICATION	0.9999921927575
chr7	107678606	107680362	DUPLICATION	0.999999999999945
chr7	130733576	130734509	DUPLICATION	0.9999911367331551
chr7	132592521	132592869	DUPLICATION	0.9999573768521508
chr7	137374318	137375447	DUPLICATION	0.9999798026353329
chr7	138357297	138357564	DUPLICATION	0.999982584959202
chr7	150071896	150071996	DUPLICATION	0.9999854529154579
chr7	154057396	154059030	DUPLICATION	0.9999898687479091
chr7	154061874	154063731	DUPLICATION	0.999990783468098
chr7	157648728	157649740	DUPLICATION	0.9999999975266031
chr7	158333849	158340632	DUPLICATION	1.0
chr7	158973572	158974601	DUPLICATION	0.9999556415689019
chr7	39452	69011	DELETION	1.0
chr7	2709366	2709589	DELETION	0.9999999999999949
chr7	5918368	5920367	DELETION	0.999999989704813
chr7	5924791	5928171	DELETION	0.9999999972945408
chr7	6754938	6755324	DELETION	0.9999986586762499
chr7	8111264	8111620	DELETION	0.9999991327072529
chr7	13082653	13084114	DELETION	0.9999999225704741
chr7	15354664	15358744	DELETION	0.999983528888011
chr7	16078743	16079336	DELETION	0.9999550225518951
chr7	16089316	16089590	DELETION	0.9999999999936859
chr7	17774462	17787005	DELETION	0.9999995551821841
chr7	19494725	19496247	DELETION	0.9999997766136949
chr7	22030512	22030643	DELETION	0.9999999990334301
chr7	26583146	26585950	DELETION	0.9999999961524471
chr7	26602447	26602530	DELETION	0.9999999999995931
chr7	27466394	27466687	DELETION	0.9999892864882991
chr7	28518379	28519140	DELETION	0.9999867422106141
chr7	29873069	29874324	DELETION	0.9999995195455301
chr7	31296336	31307219	DELETION	0.999999914766252
chr7	31530788	31530901	DELETION	0.9999959717250619
chr7	38344494	38344681	DELETION	0.999991399070249
chr7	38348878	38349295	DELETION	0.999999994491664
chr7	38935256	38935284	DELETION	0.9999999161007959
chr7	46108032	46109392	DELETION	0.9999972803757629
chr7	51015156	51015591	DELETION	0.999999500446508
chr7	51108315	51108959	DELETION	0.9999719754540992
chr7	52888125	52888182	DELETION	0.99999999802184
chr7	56370959	56371316	DELETION	0.999999999977251
chr7	57125674	57126751	DELETION	1.0
chr7	57249575	57249825	DELETION	0.9999891629598511
chr7	57412188	57418169	DELETION	0.9999999578042181
chr7	57614193	57614700	DELETION	0.9999998405374331
chr7	57624977	57626565	DELETION	0.999999999998127
chr7	58058691	58060498	DELETION	0.9999909602425641
chr7	61042161	61045079	DELETION	0.9999999497595191
chr7	61059482	61059791	DELETION	0.999999872033311
chr7	62279624	62280200	DELETION	1.0
chr7	62292395	62292818	DELETION	0.9999999999996451
chr7	62305810	62306615	DELETION	0.999999999412021
chr7	62407584	62408617	DELETION	0.999996042953111
chr7	62437984	62439779	DELETION	0.999999504747879
chr7	62451336	62452443	DELETION	0.9999913682826609
chr7	65429785	65431098	DELETION	0.9999999999999781
chr7	66974546	66976078	DELETION	0.9999999943927591
chr7	67277833	67278324	DELETION	0.9999999999763008
chr7	67777492	67781625	DELETION	0.9999964082605072
chr7	73011623	73109938	DELETION	0.99999999816147
chr7	76540146	76542234	DELETION	1.0
chr7	76637527	76645388	DELETION	0.999999990458999
chr7	79015422	79026059	DELETION	0.9999990151576958
chr7	79791193	79791219	DELETION	0.999993040626329
chr7	81231219	81235205	DELETION	0.999999997473498
chr7	89076905	89077076	DELETION	0.99999727655509
chr7	94407340	94407365	DELETION	0.9999995924969921
chr7	100993128	100994625	DELETION	0.9999995219809
chr7	100998163	100999780	DELETION	1.0
chr7	101000931	101001147	DELETION	0.9999964332484721
chr7	102346969	102356712	DELETION	1.0
chr7	102482174	102679003	DELETION	1.0
chr7	104242942	104243734	DELETION	0.9999971931886078
chr7	112977372	112979473	DELETION	0.9999906488772992
chr7	142084408	142090193	DELETION	0.999961767891779
chr7	142344499	142350323	DELETION	1.0
chr7	143053583	143055150	DELETION	0.9999718898037909
chr7	143794151	143794267	DELETION	0.999996492801038
chr7	144190307	144376861	DELETION	1.0
chr7	146591386	146594747	DELETION	0.999999999999626
chr7	148406987	148407230	DELETION	0.999999742203567
chr7	149932833	149933120	DELETION	0.9999999999945409
chr7	149947632	149948637	DELETION	1.0
chr7	149961561	149961949	DELETION	0.9999672681225792
chr7	150603943	150613995	DELETION	0.999993012345684
chr7	151873746	151874278	DELETION	0.9999999999987859
chr7	153107803	153108371	DELETION	0.9999999912916221
chr7	154047648	154049553	DELETION	0.9999999999948421
chr7	154882894	154884629	DELETION	0.999999992948649
chr7	157725503	157725640	DELETION	0.9999996134095551
chr7	158452818	158453717	DELETION	0.9999999985775719
chr7	158915384	158917105	DELETION	1.0
chr8	62247	71041	DUPLICATION	1.0
chr8	1315234	1316619	DUPLICATION	1.0
chr8	2246515	2249695	DUPLICATION	0.999983694122341
chr8	2273119	2273576	DUPLICATION	0.999996344178956
chr8	4116512	4117464	DUPLICATION	0.999991366611682
chr8	7225927	7230745	DUPLICATION	0.9999999999995028
chr8	7280715	7294168	DUPLICATION	1.0
chr8	7417302	7419070	DUPLICATION	0.9999847882370759
chr8	7546905	7558827	DUPLICATION	0.9999999999941022
chr8	7585515	7586278	DUPLICATION	0.9999849797000641
chr8	7727876	7774773	DUPLICATION	1.0
chr8	7985519	7985866	DUPLICATION	0.999996404626017
chr8	8021913	8049720	DUPLICATION	1.0
chr8	9640462	9642985	DUPLICATION	0.999999999843442
chr8	12135236	12139833	DUPLICATION	1.0
chr8	12421340	12422581	DUPLICATION	0.999987610025926
chr8	12426041	12427550	DUPLICATION	0.999999999452991
chr8	14717081	14720277	DUPLICATION	0.9999999545125909
chr8	23598022	23598299	DUPLICATION	0.999999470549747
chr8	34683085	34685949	DUPLICATION	0.9999985331533141
chr8	51600307	51600976	DUPLICATION	0.9999999625652181
chr8	80081141	80082423	DUPLICATION	0.999969951251755
chr8	82803380	82805523	DUPLICATION	0.999973032593399
chr8	85661079	85663697	DUPLICATION	1.0
chr8	91102709	91173426	DUPLICATION	1.0
chr8	114629010	114631239	DUPLICATION	0.9999999999998259
chr8	137811351	137813261	DUPLICATION	0.999967697285365
chr8	141982980	141984749	DUPLICATION	1.0
chr8	142563096	142563742	DUPLICATION	0.9999999999732941
chr8	144601487	144602486	DUPLICATION	0.999994265988366
chr8	72927	81387	DELETION	0.99999999288578
chr8	92285	107707	DELETION	1.0
chr8	170579	193931	DELETION	0.999999999999548
chr8	389320	389703	DELETION	0.999983733186146
chr8	1074080	1074246	DELETION	0.999991848132862
chr8	1417625	1417728	DELETION	0.9999999639025501
chr8	2266351	2267531	DELETION	0.999985900361505
chr8	2309336	2309715	DELETION	0.9999999999984291
chr8	2323935	2324008	DELETION	0.999999962486303
chr8	2445155	2447913	DELETION	1.0
chr8	2466007	2473558	DELETION	1.0
chr8	3350076	3350508	DELETION	0.9999581745459659
chr8	3397048	3398704	DELETION	0.9999961990389972
chr8	3605289	3606137	DELETION	0.9999999157509549
chr8	3651660	3652182	DELETION	0.9999964494723069
chr8	4064045	4064403	DELETION	0.9999999998727621
chr8	4802055	4802443	DELETION	0.9999624111609079
chr8	5384357	5386084	DELETION	0.9999800437252
chr8	6075833	6076685	DELETION	0.9999713385835749
chr8	6984547	7004160	DELETION	1.0
chr8	7015509	7021414	DELETION	0.9999999999940319
chr8	7141902	7142717	DELETION	0.9999824529379849
chr8	7205621	7205732	DELETION	0.999999325304462
chr8	7213830	7216668	DELETION	0.999992122264871
chr8	7271146	7271199	DELETION	1.0
chr8	7432031	7432814	DELETION	0.999990311710654
chr8	7435159	7435700	DELETION	0.9999831388206801
chr8	7441105	7443251	DELETION	0.9999999322373829
chr8	7497258	7513953	DELETION	0.9999999990904871
chr8	7518047	7545605	DELETION	1.0
chr8	7579759	7580929	DELETION	0.99999999563486
chr8	7604992	7677037	DELETION	1.0
chr8	7775198	7779655	DELETION	0.9999999999993829
chr8	7802972	7804121	DELETION	0.9999999999850879
chr8	7841082	7843035	DELETION	0.9999999999999921
chr8	7854244	7855323	DELETION	0.999999205738125
chr8	7860071	7861678	DELETION	0.999999999999495
chr8	7866432	7867662	DELETION	0.999979191162319
chr8	7877610	7878740	DELETION	0.999999999301087
chr8	7887202	7915886	DELETION	1.0
chr8	7951852	7972656	DELETION	0.9999999999998149
chr8	8015529	8016734	DELETION	1.0
chr8	8099850	8115905	DELETION	0.999975517632802
chr8	10914634	10914738	DELETION	0.9999696241804549
chr8	11387795	11389683	DELETION	0.9999999999955441
chr8	11455181	11455500	DELETION	0.9999743740457271
chr8	12047991	12049628	DELETION	0.999999998781937
chr8	12169127	12415956	DELETION	1.0
chr8	12437143	12437501	DELETION	0.999997859374128
chr8	12589613	12591933	DELETION	0.999998519334268
chr8	12598678	12599137	DELETION	0.9999999967320071
chr8	12605527	12606783	DELETION	0.9999999999977609
chr8	16993370	16994502	DELETION	0.999975667234615
chr8	27437593	27438919	DELETION	1.0
chr8	35211497	35211783	DELETION	0.9999633798070849
chr8	37478695	37480691	DELETION	0.999999999935118
chr8	49206217	49209403	DELETION	0.999999415834022
chr8	56497779	56497923	DELETION	0.999992953486973
chr8	57206829	57207040	DELETION	0.999998539959056
chr8	62864494	62866245	DELETION	0.9999902671950899
chr8	68906110	68906846	DELETION	0.99999806806227
chr8	70632049	70632076	DELETION	0.9999998507722908
chr8	83338940	83339870	DELETION	0.999999159921282
chr8	85714674	85715838	DELETION	1.0
chr8	89197785	89198689	DELETION	0.999999999709917
chr8	93389767	93390225	DELETION	0.9999999102824229
chr8	96504296	96505162	DELETION	0.9999882827767329
chr8	99212660	99212879	DELETION	0.9999994380385999
chr8	121384435	121384603	DELETION	0.999999975477605
chr8	121796219	121796258	DELETION	0.999999999883604
chr8	122312407	122312492	DELETION	0.999999999881313
chr8	123909793	123909897	DELETION	0.999993858725024
chr8	134019031	134019872	DELETION	0.999999870562211
chr8	136350228	136350477	DELETION	0.999999999975331
chr8	137062578	137062803	DELETION	0.9999999999926479
chr8	139592320	139594428	DELETION	1.0
chr9	27111127	27111773	DUPLICATION	0.9999920164789559
chr9	39039333	39046545	DUPLICATION	1.0
chr9	39496740	39498381	DUPLICATION	0.99996143109527
chr9	39747794	40096581	DUPLICATION	1.0
chr9	40099977	40105657	DUPLICATION	0.999967361973417
chr9	40134438	40174703	DUPLICATION	1.0
chr9	40179992	40223532	DUPLICATION	1.0
chr9	40325399	40332136	DUPLICATION	0.9999917536884521
chr9	40348454	40350854	DUPLICATION	0.999999833590994
chr9	40572756	40642339	DUPLICATION	1.0
chr9	40764824	40766431	DUPLICATION	0.999999998067213
chr9	41102513	41108668	DUPLICATION	1.0
chr9	41133781	41157781	DUPLICATION	0.9999999816131251
chr9	41164801	41218653	DUPLICATION	1.0
chr9	41296976	41311532	DUPLICATION	1.0
chr9	41333540	41336983	DUPLICATION	0.9999942062410171
chr9	41381756	41387284	DUPLICATION	0.999999715764478
chr9	41458669	41475443	DUPLICATION	0.999999903216622
chr9	41502189	41506415	DUPLICATION	0.9999999997432959
chr9	41566541	41574487	DUPLICATION	0.999999999697745
chr9	41651414	41657125	DUPLICATION	0.999999999999999
chr9	41670361	41697786	DUPLICATION	1.0
chr9	41770986	41811925	DUPLICATION	1.0
chr9	41881333	41889262	DUPLICATION	0.9999999999999879
chr9	41898802	42655518	DUPLICATION	1.0
chr9	60739389	60849386	DUPLICATION	1.0
chr9	61214054	61283030	DUPLICATION	1.0
chr9	62373336	62422144	DUPLICATION	1.0
chr9	62513398	62584664	DUPLICATION	1.0
chr9	62833671	62838212	DUPLICATION	0.999970236975171
chr9	62884733	62897874	DUPLICATION	1.0
chr9	63055627	63378638	DUPLICATION	1.0
chr9	63388057	63415205	DUPLICATION	0.9999995266659341
chr9	64079602	64090621	DUPLICATION	0.999999997633499
chr9	64338817	64622410	DUPLICATION	1.0
chr9	64714004	64756141	DUPLICATION	0.99999852282298
chr9	64826263	64839468	DUPLICATION	0.999999897750126
chr9	64889956	64901802	DUPLICATION	0.999971333163125
chr9	65275154	65281540	DUPLICATION	0.999975870801589
chr9	65288553	65304112	DUPLICATION	0.999999999990868
chr9	65320123	65324862	DUPLICATION	0.999999999999999
chr9	65586088	65645930	DUPLICATION	0.999998692308625
chr9	65669637	66593947	DUPLICATION	1.0
chr9	66670350	66700666	DUPLICATION	1.0
chr9	66710446	66725160	DUPLICATION	0.9999999974563221
chr9	66751174	66768597	DUPLICATION	0.999999986161047
chr9	66782351	66789408	DUPLICATION	0.9999999999444009
chr9	66962504	66967244	DUPLICATION	0.9999999999911949
chr9	67080916	67218796	DUPLICATION	1.0
chr9	67267948	67280266	DUPLICATION	0.99999999991178
chr9	67603044	67623398	DUPLICATION	1.0
chr9	67687830	67696568	DUPLICATION	0.999999956392475
chr9	67712094	67712767	DUPLICATION	0.9999948020607209
chr9	67785670	68233604	DUPLICATION	1.0
chr9	68305153	68305645	DUPLICATION	0.9999828830023009
chr9	97195267	97199357	DUPLICATION	0.9999615207032301
chr9	101953783	101965969	DUPLICATION	1.0
chr9	107011316	107013812	DUPLICATION	0.999991143876328
chr9	136773671	136790307	DUPLICATION	0.9999997774268921
chr9	137328112	137344434	DUPLICATION	0.999999992572735
chr9	12059	17284	DELETION	1.0
chr9	78376	79881	DELETION	0.999991956386279
chr9	95031	96021	DELETION	0.9999669892512509
chr9	120125	124253	DELETION	0.999999999999957
chr9	7560493	7560994	DELETION	0.999999154738943
chr9	8331549	8332034	DELETION	0.999995402997027
chr9	8428250	8429759	DELETION	0.999985425232271
chr9	9403455	9405004	DELETION	0.9999988082943021
chr9	16869171	16869234	DELETION	0.999996956545551
chr9	31104042	31104276	DELETION	1.0
chr9	31195270	31195391	DELETION	0.9999999175405151
chr9	36318967	36319053	DELETION	0.9999999915480999
chr9	38834922	38835407	DELETION	0.999998493249521
chr9	38875780	38877462	DELETION	0.999977164384643
chr9	38892931	38903152	DELETION	1.0
chr9	38918259	38921192	DELETION	0.999999999960973
chr9	38997091	38997187	DELETION	0.9999877899968029
chr9	39518646	39520926	DELETION	0.9999807972142379
chr9	40323392	40323581	DELETION	0.9999631241381008
chr9	40354877	40355018	DELETION	0.9999998296728009
chr9	41764967	41765133	DELETION	0.9999972513723941
chr9	41858839	41866494	DELETION	0.999999999928457
chr9	42969932	42970838	DELETION	0.999999905645061
chr9	60915960	60917495	DELETION	0.999999997329926
chr9	61454038	61454460	DELETION	0.999998055704705
chr9	61468268	61657324	DELETION	1.0
chr9	61965020	61965921	DELETION	0.9999996934096991
chr9	61982939	62012663	DELETION	1.0
chr9	62673626	62675085	DELETION	0.9999999998566601
chr9	65281995	65282251	DELETION	0.999993541493269
chr9	65304466	65304885	DELETION	0.999991694452047
chr9	66645170	66645320	DELETION	0.9999941523110871
chr9	66773199	66773426	DELETION	0.9999999263533191
chr9	66868524	66868944	DELETION	0.99996161058297
chr9	66902291	66902514	DELETION	0.999954710499647
chr9	67401287	67401562	DELETION	0.999999034797534
chr9	67415073	67421587	DELETION	0.99999999999468
chr9	67444630	67458424	DELETION	0.9999999999999178
chr9	67464422	67464923	DELETION	0.9999771974901239
chr9	67487817	67495288	DELETION	1.0
chr9	67594739	67595007	DELETION	0.999991005967392
chr9	71477903	71479263	DELETION	0.999999991211944
chr9	74346484	74346729	DELETION	0.999994919024299
chr9	74576467	74577062	DELETION	0.9999958602369221
chr9	74586572	74588612	DELETION	0.999999999924844
chr9	81920018	81934510	DELETION	0.999961378054841
chr9	94311177	94317815	DELETION	0.9999938590413829
chr9	113060424	113062763	DELETION	1.0
chr9	119249289	119251698	DELETION	0.999999972956229
chr9	122920534	122923639	DELETION	0.9999994664065541
chr9	132210309	132211024	DELETION	0.9999936521560571
chr9	138317443	138319422	DELETION	0.9999984613854308
chr10	7405839	7406456	DUPLICATION	0.9999774131507421
chr10	14944034	15024671	DUPLICATION	1.0
chr10	20561696	20568437	DUPLICATION	0.999999999519251
chr10	28375347	28375958	DUPLICATION	0.999998676732883
chr10	38402865	38405188	DUPLICATION	0.9999999999884459
chr10	46337487	46339772	DUPLICATION	0.9999999736501058
chr10	47458905	47462371	DUPLICATION	0.9999999999997049
chr10	47484899	47487302	DUPLICATION	0.999993539707555
chr10	47491505	47539820	DUPLICATION	1.0
chr10	47552915	47553598	DUPLICATION	0.9999988820215749
chr10	47719123	47726642	DUPLICATION	0.9999999999999469
chr10	50708824	50709590	DUPLICATION	0.9999999167864259
chr10	57712491	57713221	DUPLICATION	0.999999997576718
chr10	66797080	66804014	DUPLICATION	0.999999903056365
chr10	71822951	71823922	DUPLICATION	0.9999960941922771
chr10	103956559	103960594	DUPLICATION	0.999999999999996
chr10	113126113	113127300	DUPLICATION	0.9999735643949151
chr10	122561661	122562432	DUPLICATION	0.9999927750185129
chr10	125026507	125026676	DUPLICATION	0.9999953227350971
chr10	130300693	130301714	DUPLICATION	0.9999999999870709
chr10	130873392	130873663	DUPLICATION	0.999994570286489
chr10	132717978	132719004	DUPLICATION	0.9999972156631299
chr10	32351	44292	DELETION	0.9999638957805529
chr10	201586	201749	DELETION	0.999984609400013
chr10	1415487	1416243	DELETION	0.999999999996832
chr10	2284053	2284954	DELETION	0.999999999981222
chr10	2315042	2315319	DELETION	0.999998936385105
chr10	13479766	13479917	DELETION	0.999999999620827
chr10	14126571	14126805	DELETION	0.99999897887158
chr10	16886303	16886636	DELETION	0.999999999999828
chr10	17613828	17614027	DELETION	0.9999683034524921
chr10	19863696	19868060	DELETION	0.999999654960265
chr10	20594347	20596004	DELETION	0.999999970328711
chr10	30688548	30689236	DELETION	0.999992846039747
chr10	37171353	37192612	DELETION	1.0
chr10	41844277	42098428	DELETION	1.0
chr10	42102825	42104162	DELETION	1.0
chr10	42979905	42980252	DELETION	0.999976441393335
chr10	44660969	44661623	DELETION	0.9999966017519281
chr10	46617297	46621770	DELETION	0.999999998692919
chr10	46902998	46905234	DELETION	0.999999995986975
chr10	47611746	47617055	DELETION	1.0
chr10	47893543	47894207	DELETION	0.9999996230259491
chr10	47933107	47934818	DELETION	1.0
chr10	47994528	48052033	DELETION	1.0
chr10	50163799	50187546	DELETION	1.0
chr10	51114192	51114650	DELETION	0.9999979260609649
chr10	51721653	51723036	DELETION	0.99999620047849
chr10	52155630	52155798	DELETION	0.999999839876948
chr10	59821550	59823588	DELETION	0.9999999613161129
chr10	61612176	61612469	DELETION	0.999991356497377
chr10	66071310	66071388	DELETION	0.999999992271239
chr10	68235124	68235154	DELETION	0.9999999611699391
chr10	79810976	79814527	DELETION	0.999999974665101
chr10	79839938	79844050	DELETION	1.0
chr10	80237640	80239054	DELETION	0.999966401687107
chr10	80660837	80661163	DELETION	0.999999999938163
chr10	83461328	83465293	DELETION	0.9999999999891609
chr10	87301389	87302198	DELETION	0.9999847705400591
chr10	87319136	87322973	DELETION	0.999964329307511
chr10	106973326	106975013	DELETION	0.9999579932459051
chr10	108593313	108595027	DELETION	0.999998162605185
chr10	108645475	108645873	DELETION	0.9999901718841651
chr10	122659310	122660435	DELETION	0.9999998770630841
chr10	124229824	124233449	DELETION	1.0
chr10	130496006	130496636	DELETION	0.999961200012463
chr10	132997679	132997841	DELETION	0.99999992542511
chr10	133017459	133018599	DELETION	0.99999863504566
chr11	172719	175247	DUPLICATION	0.9999994479603241
chr11	1183370	1184239	DUPLICATION	0.9999996160163058
chr11	4517705	4517985	DUPLICATION	0.9999999989110909
chr11	10162186	10162429	DUPLICATION	0.999984077106888
chr11	22636460	22637857	DUPLICATION	0.999964619611029
chr11	23581174	23584692	DUPLICATION	0.999993823133061
chr11	24526154	24526458	DUPLICATION	0.999994938357898
chr11	49747347	49748011	DUPLICATION	0.99997387701486
chr11	67373116	67375448	DUPLICATION	0.999993394938141
chr11	67710871	67711996	DUPLICATION	0.9999981917002679
chr11	89786273	89787902	DUPLICATION	0.999999891019058
chr11	89971442	89971865	DUPLICATION	0.999999783498394
chr11	95463491	95467890	DUPLICATION	0.999980020489438
chr11	99619180	99621561	DUPLICATION	0.9999999985171669
chr11	99946722	99947465	DUPLICATION	0.9999883740836809
chr11	129378715	129378968	DUPLICATION	0.999996962571962
chr11	132070183	132071058	DUPLICATION	0.9999987241085792
chr11	134733717	134737780	DUPLICATION	1.0
chr11	134926733	134927833	DUPLICATION	0.999999792602355
chr11	194164	196623	DELETION	0.99999999198436
chr11	1685064	1685300	DELETION	0.999992282290902
chr11	1781803	1782413	DELETION	0.999999873651759
chr11	1943083	1957957	DELETION	0.9999978254392791
chr11	3323731	3336372	DELETION	0.999999998266813
chr11	4323580	4330453	DELETION	0.9999999999998599
chr11	4661035	4661885	DELETION	0.9999999034325691
chr11	5763825	5769713	DELETION	0.99996844574109
chr11	5775524	5783314	DELETION	0.999999999999558
chr11	7594188	7594280	DELETION	0.99998904689395
chr11	10271444	10271908	DELETION	0.999999972945868
chr11	18928381	18939563	DELETION	1.0
chr11	18955628	18956114	DELETION	0.999998398672604
chr11	22214892	22219345	DELETION	0.9999728619495408
chr11	25737447	25737586	DELETION	0.99998907422314
chr11	49822787	49823077	DELETION	0.9999995491478041
chr11	55264592	55265635	DELETION	0.9999999917026671
chr11	58708983	58709360	DELETION	0.999999999999723
chr11	59043303	59086441	DELETION	1.0
chr11	64681752	64681954	DELETION	0.999999977353393
chr11	82233138	82233168	DELETION	0.9999995824110591
chr11	87240740	87240910	DELETION	0.999999999939802
chr11	89849551	89850907	DELETION	0.999991601870085
chr11	90052394	90062780	DELETION	1.0
chr11	91160288	91160625	DELETION	0.999999246376191
chr11	92882550	92882584	DELETION	0.999999996511269
chr11	94304986	94306281	DELETION	0.999988391135967
chr11	104908688	104909355	DELETION	0.999994244109289
chr11	105208075	105210616	DELETION	0.999986471003602
chr11	105520591	105520719	DELETION	0.9999927993792359
chr11	107803321	107803571	DELETION	0.999999622672984
chr11	132054648	132060193	DELETION	1.0
chr11	134138124	134138317	DELETION	0.9999998277229319
chr12	2280261	2280768	DUPLICATION	0.999985458897326
chr12	2892103	2894188	DUPLICATION	0.9999882017700309
chr12	9403522	9406269	DUPLICATION	0.999999999069057
chr12	21413099	21431900	DUPLICATION	1.0
chr12	33148190	33152908	DUPLICATION	0.999999999999997
chr12	33233722	33240027	DUPLICATION	0.9999999991324771
chr12	42626629	42633613	DUPLICATION	1.0
chr12	52874109	52874506	DUPLICATION	0.999986934478274
chr12	60138138	60141569	DUPLICATION	0.999992517926298
chr12	61808484	61817572	DUPLICATION	0.9999999917287192
chr12	65510964	65511197	DUPLICATION	0.9999992266987858
chr12	74250222	74252645	DUPLICATION	0.9999980902654021
chr12	74612610	74616523	DUPLICATION	0.9999999948691991
chr12	78803213	78804627	DUPLICATION	0.999999993951129
chr12	81712117	81715143	DUPLICATION	0.9999996992430409
chr12	81745989	81749119	DUPLICATION	0.999955693225751
chr12	86928389	86930488	DUPLICATION	0.999997107622507
chr12	91328538	91329978	DUPLICATION	0.999971555013024
chr12	95942504	95946122	DUPLICATION	0.999983959426269
chr12	97700502	97701120	DUPLICATION	0.9999988402694391
chr12	132397110	132398006	DUPLICATION	0.999999999968941
chr12	132776298	132776545	DUPLICATION	0.999999775988082
chr12	4840126	4840196	DELETION	0.999999162477024
chr12	6056134	6056395	DELETION	0.99999944271219
chr12	8297287	8298344	DELETION	1.0
chr12	9296551	9298428	DELETION	0.99998390743908
chr12	9400038	9402590	DELETION	0.999999999997783
chr12	9479799	9579042	DELETION	1.0
chr12	10094863	10094973	DELETION	0.9999983184562691
chr12	24849112	24851798	DELETION	0.999959488194765
chr12	25622232	25623720	DELETION	0.999987624724064
chr12	31183212	31192502	DELETION	1.0
chr12	31217696	31217846	DELETION	0.9999771503126259
chr12	40485277	40489856	DELETION	1.0
chr12	52231545	52231903	DELETION	0.9999952000575011
chr12	52303147	52303692	DELETION	0.9999990116257359
chr12	52632528	52633575	DELETION	0.999996145186004
chr12	59786348	59787092	DELETION	0.9999872187341909
chr12	68107474	68107675	DELETION	0.9999980513724419
chr12	92674533	92674939	DELETION	0.999967203416726
chr12	103228689	103228790	DELETION	0.9999986048871491
chr12	108989383	108990242	DELETION	1.0
chr12	117126894	117129342	DELETION	0.999999999986501
chr12	124249890	124250410	DELETION	0.9999661134581379
chr12	124671597	124672772	DELETION	0.9999999999975849
chr12	125755734	125755914	DELETION	0.9999893475339329
chr12	130657631	130658385	DELETION	0.999991068274016
chr12	131454913	131455672	DELETION	0.9999584021495241
chr12	131662020	131665315	DELETION	1.0
chr13	19350220	19350758	DUPLICATION	0.99998750089066
chr13	21844426	21847653	DUPLICATION	0.999999927519368
chr13	56666665	56668803	DUPLICATION	0.999991947681291
chr13	66320760	66325768	DUPLICATION	0.99999994211303
chr13	81715132	81719394	DUPLICATION	0.999995012524876
chr13	83529569	83581663	DUPLICATION	1.0
chr13	98641778	98641936	DUPLICATION	0.9999999057646499
chr13	105576970	105655463	DUPLICATION	1.0
chr13	113802509	113804013	DUPLICATION	0.9999999550197859
chr13	18408174	18560411	DELETION	1.0
chr13	18620495	18622510	DELETION	0.9999999999558119
chr13	18765686	18776115	DELETION	0.9999999999999979
chr13	18908086	18908191	DELETION	0.999996689275487
chr13	19407378	19407856	DELETION	1.0
chr13	20718876	20719056	DELETION	0.9999966185256651
chr13	23032110	23034471	DELETION	0.999999999992183
chr13	24441503	24446291	DELETION	1.0
chr13	24961603	24961817	DELETION	0.9999999999890269
chr13	26098157	26098505	DELETION	0.9999999180722401
chr13	57139328	57147947	DELETION	1.0
chr13	60887265	60888032	DELETION	0.9999999845454308
chr13	60977025	60978398	DELETION	0.9999999812889359
chr13	63746744	63746822	DELETION	0.999999998980665
chr13	70465442	70465730	DELETION	0.9999999999861509
chr13	81793583	81793706	DELETION	0.9999940048561821
chr13	87074529	87074866	DELETION	0.999999995090525
chr13	87394252	87394770	DELETION	0.9999999991795351
chr13	89587728	89587992	DELETION	0.999986854362602
chr13	93499091	93499753	DELETION	0.9999988670752521
chr13	105706677	105708665	DELETION	0.9999999999999949
chr13	105804004	105804294	DELETION	0.9999999709219619
chr13	105998209	106000652	DELETION	0.9999999837653449
chr13	107485141	107491536	DELETION	0.9999982165808101
chr13	108633978	108635036	DELETION	0.999997601847052
chr13	110311285	110313185	DELETION	0.999965713302578
chr13	110956810	110964574	DELETION	0.9999996152109542
chr13	112280021	112280793	DELETION	0.999999993117481
chr13	112665723	112665830	DELETION	0.9999999928754209
chr14	18317874	18324209	DUPLICATION	0.9999926454886121
chr14	18415484	18420184	DUPLICATION	0.9999971067368059
chr14	18590677	18591155	DUPLICATION	0.9999959764486401
chr14	18699562	18700772	DUPLICATION	0.999999967689415
chr14	18907025	18909123	DUPLICATION	0.999997792353419
chr14	19022396	19022646	DUPLICATION	0.9999958682897622
chr14	19055475	19057265	DUPLICATION	0.999999997528588
chr14	19094055	19094916	DUPLICATION	0.9999985680577821
chr14	19119330	19121653	DUPLICATION	0.9999999999983691
chr14	19137879	19139101	DUPLICATION	0.9999725999017001
chr14	19180298	19180833	DUPLICATION	0.999999972758678
chr14	19199309	19201820	DUPLICATION	1.0
chr14	19493876	19495798	DUPLICATION	0.9999999992596379
chr14	19734231	19755520	DUPLICATION	0.9999999657018391
chr14	19796053	19844156	DUPLICATION	0.999999999991356
chr14	19868309	19873643	DUPLICATION	0.9999999997417709
chr14	35136296	35144258	DUPLICATION	0.9999969599820341
chr14	41139527	41200322	DUPLICATION	1.0
chr14	60433977	60435417	DUPLICATION	0.9999999999925471
chr14	70221414	70222994	DUPLICATION	0.9999735549058341
chr14	83391179	83398656	DUPLICATION	0.999988474275195
chr14	84831279	84835833	DUPLICATION	0.999999889178769
chr14	99793058	99798860	DUPLICATION	0.9999788396458441
chr14	101246095	101246650	DUPLICATION	0.9999735489772041
chr14	103083895	103084424	DUPLICATION	0.9999999206320809
chr14	18605530	18614020	DELETION	0.999998414148662
chr14	18663553	18674190	DELETION	1.0
chr14	18924265	18925523	DELETION	0.9999878837659208
chr14	18930100	18983243	DELETION	1.0
chr14	18985968	18986614	DELETION	0.9999986413337609
chr14	19010051	19010700	DELETION	1.0
chr14	19036993	19044270	DELETION	1.0
chr14	19050699	19054229	DELETION	0.9999997039232791
chr14	19095831	19097544	DELETION	0.999999999999618
chr14	19100104	19100888	DELETION	0.999999999725276
chr14	19101999	19104338	DELETION	0.9999999999994209
chr14	19116511	19119087	DELETION	0.999999955056521
chr14	19134821	19137057	DELETION	1.0
chr14	19142286	19149266	DELETION	1.0
chr14	19279892	19297126	DELETION	1.0
chr14	19340238	19346775	DELETION	1.0
chr14	19360462	19361723	DELETION	0.99999999997479
chr14	19393718	19393967	DELETION	0.9999999992493449
chr14	19611858	19630036	DELETION	1.0
chr14	19669326	19677107	DELETION	1.0
chr14	19689543	19690973	DELETION	0.999999999829572
chr14	20757559	20757592	DELETION	0.999998567459052
chr14	21158865	21159472	DELETION	0.999976038683738
chr14	22143352	22144100	DELETION	0.999998110464879
chr14	22166273	22173311	DELETION	0.9999999830259759
chr14	22266008	22272718	DELETION	0.999999780750579
chr14	62620811	62621506	DELETION	0.999985104112918
chr14	79881686	79884654	DELETION	0.9999999768421272
chr14	81004796	81005246	DELETION	0.9999999999973759
chr14	82007745	82008879	DELETION	1.0
chr14	85846854	85848398	DELETION	0.99999999999935
chr14	86283277	86285101	DELETION	0.999982254218384
chr14	90271048	90271073	DELETION	1.0
chr14	93927032	93927794	DELETION	0.999999999999999
chr14	94817761	94818623	DELETION	0.999958130637659
chr14	96211542	96211989	DELETION	0.999999998235898
chr14	104288723	104288902	DELETION	0.9999983222611941
chr14	105607432	105608571	DELETION	0.9999992611684709
chr14	105627135	105627750	DELETION	0.99999999797461
chr14	105663040	105663539	DELETION	0.9999949414667919
chr14	105741516	105741746	DELETION	0.9999985282155991
chr14	105893361	105893638	DELETION	0.9999999702134471
chr14	106355173	106361628	DELETION	1.0
chr14	106422310	106424795	DELETION	0.99995800609614
chr14	106437847	106446226	DELETION	0.999999997996521
chr14	106699076	106763618	DELETION	1.0
chr15	20046233	20046556	DUPLICATION	0.9999775990235649
chr15	20098184	20110544	DUPLICATION	0.999999902629953
chr15	20481319	20511487	DUPLICATION	1.0
chr15	21325382	21330025	DUPLICATION	0.999999332192385
chr15	21563341	21566309	DUPLICATION	0.9999563700283491
chr15	22411694	22422115	DUPLICATION	0.999999999843274
chr15	23038852	23043593	DUPLICATION	1.0
chr15	24427086	24477770	DUPLICATION	1.0
chr15	28591097	28638943	DUPLICATION	1.0
chr15	28672899	28681697	DUPLICATION	0.9999994678987199
chr15	28703747	28708028	DUPLICATION	1.0
chr15	28718252	28719721	DUPLICATION	0.9999999991177991
chr15	28736057	28737858	DUPLICATION	0.9999999999915259
chr15	30103840	30114523	DUPLICATION	0.9999996384488729
chr15	30470389	30471376	DUPLICATION	0.9999999999939508
chr15	32170333	32173332	DUPLICATION	0.999999783907373
chr15	32274678	32288779	DUPLICATION	0.9999984468523309
chr15	32300427	32315497	DUPLICATION	0.9999999226582641
chr15	32341080	32347424	DUPLICATION	1.0
chr15	32374796	32390312	DUPLICATION	1.0
chr15	32394330	32395787	DUPLICATION	0.999999659280071
chr15	32421185	32440504	DUPLICATION	1.0
chr15	32536910	32537318	DUPLICATION	0.999996830445241
chr15	32578316	32598159	DUPLICATION	1.0
chr15	34381388	34561210	DUPLICATION	1.0
chr15	50352253	50353644	DUPLICATION	0.999962416724573
chr15	62036653	62043641	DUPLICATION	0.999986561244306
chr15	74072158	74088189	DUPLICATION	0.9999997630671479
chr15	75271802	75293239	DUPLICATION	1.0
chr15	77899994	77900676	DUPLICATION	0.9999999723867821
chr15	82438787	82439962	DUPLICATION	0.9999998681812471
chr15	97265503	97289128	DUPLICATION	1.0
chr15	101760033	101764525	DUPLICATION	0.999999999999999
chr15	20325818	20333966	DELETION	1.0
chr15	20566382	20567236	DELETION	0.9999999999976971
chr15	20628082	20640101	DELETION	0.99999968438862
chr15	20746568	20803769	DELETION	1.0
chr15	20986532	20992361	DELETION	1.0
chr15	21018487	21072399	DELETION	1.0
chr15	21290416	21307514	DELETION	1.0
chr15	21332519	21344892	DELETION	0.9999999999749641
chr15	21446203	21464646	DELETION	0.9999999986254742
chr15	21501366	21944723	DELETION	1.0
chr15	22032329	22032581	DELETION	0.999999717624325
chr15	22223458	22302220	DELETION	1.0
chr15	22572175	22587264	DELETION	1.0
chr15	22612232	22614704	DELETION	0.9999821330102371
chr15	22665848	22666603	DELETION	0.999999999999997
chr15	23311624	23333217	DELETION	1.0
chr15	23675703	23676384	DELETION	0.999971123654881
chr15	24557559	24558060	DELETION	0.9999924172960509
chr15	25502946	25502990	DELETION	0.999987493878896
chr15	25579535	25579656	DELETION	0.999975437006261
chr15	28316486	28319185	DELETION	0.9999999804495991
chr15	28389634	28390084	DELETION	0.9999691835741991
chr15	28413911	28427013	DELETION	1.0
chr15	28440115	28446045	DELETION	0.9999999999999921
chr15	28450893	28452526	DELETION	0.9999628303652109
chr15	28761142	28764204	DELETION	0.999999902618572
chr15	30565978	30567270	DELETION	0.999999188693295
chr15	30785280	30786601	DELETION	0.9999643475050201
chr15	43581195	43581608	DELETION	0.999998701960098
chr15	45062606	45062735	DELETION	0.999997660987081
chr15	45072450	45072510	DELETION	0.9999965846205551
chr15	45233306	45233872	DELETION	0.9999999994806958
chr15	53956564	53957028	DELETION	1.0
chr15	61321724	61323081	DELETION	0.9999999999800401
chr15	61441034	61442904	DELETION	1.0
chr15	68938553	68942917	DELETION	0.9999915861631259
chr15	71561566	71564837	DELETION	1.0
chr15	74283707	74283886	DELETION	0.999999999994625
chr15	77932322	77932747	DELETION	0.9999999997183872
chr15	78744087	78747278	DELETION	0.999999246548227
chr15	82333698	82334231	DELETION	0.999999983962818
chr15	82347036	82348773	DELETION	0.999999999991816
chr15	82442690	82444167	DELETION	0.999999999996499
chr15	82472899	82474394	DELETION	0.9999983442605892
chr15	82517453	82519421	DELETION	0.999975225602912
chr15	84167586	84168655	DELETION	0.999999999983116
chr15	84185700	84186244	DELETION	0.999999921352345
chr15	84192161	84353871	DELETION	1.0
chr15	84423988	84425218	DELETION	0.999999999999984
chr15	84438815	84447815	DELETION	0.999999999999727
chr15	85188582	85196713	DELETION	0.999999177812504
chr15	86456968	86457166	DELETION	0.999984960706899
chr15	86537170	86538784	DELETION	0.999999823307027
chr15	90537156	90537378	DELETION	0.9999994076968589
chr15	91269316	91271061	DELETION	0.9999834809073509
chr15	101192658	101192727	DELETION	0.9999999999999541
chr15	101973767	101977983	DELETION	1.0
chr16	11160	13900	DUPLICATION	0.9999999999999909
chr16	130531	138770	DUPLICATION	0.9999965880016801
chr16	947961	951163	DUPLICATION	1.0
chr16	5057902	5060626	DUPLICATION	0.999999996707901
chr16	8662517	8663546	DUPLICATION	0.999992585857867
chr16	14922393	14926432	DUPLICATION	0.9999998521380541
chr16	15213890	15223896	DUPLICATION	0.999956196725024
chr16	18284352	18293267	DUPLICATION	0.9999999996790729
chr16	21473388	21502818	DUPLICATION	1.0
chr16	22589204	22600624	DUPLICATION	0.999999999999876
chr16	32313811	32365045	DUPLICATION	1.0
chr16	32810832	32812291	DUPLICATION	0.999955974603293
chr16	33058421	33058881	DUPLICATION	0.9999775450684442
chr16	49855431	49858376	DUPLICATION	0.9999989988579691
chr16	74417285	74418597	DUPLICATION	0.999993701391197
chr16	79597754	79598446	DUPLICATION	0.9999999970799079
chr16	81093867	81094786	DUPLICATION	0.9999979061295329
chr16	85117556	85120801	DUPLICATION	0.999999965454261
chr16	86998396	86998576	DUPLICATION	0.999997213036508
chr16	89573653	89575743	DUPLICATION	0.999999995571187
chr16	89585839	89586558	DUPLICATION	0.9999993977164989
chr16	90106388	90110929	DUPLICATION	0.999997011147317
chr16	90205241	90226532	DUPLICATION	1.0
chr16	2647299	2649783	DELETION	0.9999999967226391
chr16	11463270	11464235	DELETION	0.999999521790621
chr16	14725658	14732510	DELETION	0.999995175151817
chr16	15127586	15127997	DELETION	0.999999996175853
chr16	15373414	15373499	DELETION	0.999999993258587
chr16	16364254	16364712	DELETION	0.9999999994805691
chr16	16370150	16371390	DELETION	0.9999999999703578
chr16	16372578	16377251	DELETION	0.999999999928498
chr16	16418444	16427073	DELETION	1.0
chr16	18080455	18080605	DELETION	0.999999555959068
chr16	18125662	18136836	DELETION	0.9999999420720149
chr16	18178541	18185264	DELETION	0.9999833562191491
chr16	18254795	18259253	DELETION	0.9999999999995128
chr16	18327098	18340454	DELETION	1.0
chr16	18347906	18348697	DELETION	0.999999977644725
chr16	18380309	18390786	DELETION	1.0
chr16	21736181	21739765	DELETION	0.999999683465979
chr16	21771250	21777773	DELETION	1.0
chr16	21889935	21901509	DELETION	1.0
chr16	22563422	22572014	DELETION	0.9999999999999979
chr16	23001215	23005534	DELETION	0.9999999954054559
chr16	24314726	24316270	DELETION	0.999995108090221
chr16	25151697	25151732	DELETION	0.999979436468491
chr16	28401733	28408826	DELETION	0.999999936923297
chr16	28658188	28711757	DELETION	1.0
chr16	29387493	29387662	DELETION	0.999997394113093
chr16	29615167	29615507	DELETION	0.9999797946946941
chr16	29628664	29628957	DELETION	0.999999999996234
chr16	32664483	32671871	DELETION	0.999999999999999
chr16	32947223	32948738	DELETION	0.9999998900351909
chr16	34017607	34165833	DELETION	1.0
chr16	34449024	34453305	DELETION	0.9999559451843609
chr16	34576230	34596056	DELETION	1.0
chr16	36132528	36137156	DELETION	0.999989748172524
chr16	46380763	46401643	DELETION	1.0
chr16	55761785	55773231	DELETION	1.0
chr16	55797810	55804119	DELETION	0.99999946663124
chr16	56004193	56006708	DELETION	0.999999999422873
chr16	56631017	56631055	DELETION	0.999999975344386
chr16	57965333	57965868	DELETION	0.999999913267948
chr16	62205351	62205766	DELETION	0.9999747021985941
chr16	78007543	78007601	DELETION	0.9999965170824849
chr16	85667891	85668008	DELETION	0.9999992673464421
chr16	88023237	88023460	DELETION	0.9999739268676721
chr16	88185169	88185703	DELETION	0.9999998513420769
chr17	7691391	7694960	DUPLICATION	0.9999999582389559
chr17	16835894	16837693	DUPLICATION	0.999993980473384
chr17	18682109	18687442	DUPLICATION	0.9999999999000699
chr17	19188243	19215179	DUPLICATION	0.999997343862861
chr17	21842048	21844369	DUPLICATION	0.999999961997424
chr17	36332453	36332781	DUPLICATION	0.999999065596499
chr17	36389603	36457840	DUPLICATION	1.0
chr17	37892449	37923686	DUPLICATION	1.0
chr17	46135161	46291537	DUPLICATION	1.0
chr17	64919442	64921326	DUPLICATION	0.999999999999669
chr17	67907211	67910812	DUPLICATION	0.9999959611351179
chr17	77705616	77705763	DUPLICATION	0.9999818200923539
chr17	79837606	79839511	DUPLICATION	0.9999942710246591
chr17	83204931	83205887	DUPLICATION	0.999994482777368
chr17	117016	118501	DELETION	0.999999999984834
chr17	263948	264501	DELETION	0.999999999998093
chr17	1062271	1063679	DELETION	0.9999999996110749
chr17	8829297	8829464	DELETION	0.999999618288915
chr17	12261457	12262424	DELETION	0.9999999999999921
chr17	13367958	13369137	DELETION	0.9999831381822459
chr17	14023886	14024570	DELETION	0.9999999999932379
chr17	14193165	14194254	DELETION	0.9999999999997701
chr17	18389407	18392337	DELETION	0.999999999055674
chr17	18428245	18431205	DELETION	0.9999999967708051
chr17	18458415	18523715	DELETION	1.0
chr17	20491989	20494680	DELETION	0.9999993420545259
chr17	20503344	20504027	DELETION	0.9999999986560641
chr17	22389417	22389581	DELETION	0.999999999999996
chr17	26800324	26805040	DELETION	1.0
chr17	32045721	32046553	DELETION	0.9999872773893059
chr17	36183449	36195588	DELETION	1.0
chr17	36241377	36253882	DELETION	1.0
chr17	37968709	38016698	DELETION	1.0
chr17	45546229	45551632	DELETION	0.9999999999966709
chr17	46333126	46368501	DELETION	0.9999999999991781
chr17	46517287	46521769	DELETION	1.0
chr17	46549408	46551499	DELETION	0.999999938707634
chr17	46575135	46598973	DELETION	0.99999934655683
chr17	50569651	50570625	DELETION	0.999981727545572
chr17	51913633	51913821	DELETION	0.999999069634558
chr17	59587928	59599494	DELETION	1.0
chr17	70714505	70714770	DELETION	0.999999656331075
chr17	76415936	76416031	DELETION	0.99999036554002
chr17	79286987	79287650	DELETION	0.999999987867412
chr17	80631213	80639910	DELETION	1.0
chr17	81538395	81538968	DELETION	0.9999610077588751
chr17	82982059	82982476	DELETION	0.9999915579006949
chr17	83223398	83232568	DELETION	1.0
chr18	11644660	11648874	DUPLICATION	0.9999838445281359
chr18	13674001	13676203	DUPLICATION	0.9999999987888192
chr18	14357356	14358049	DUPLICATION	0.9999745300673459
chr18	25331296	25332371	DUPLICATION	0.9999874279847959
chr18	40680047	40686468	DUPLICATION	0.999999738433666
chr18	47245050	47247706	DUPLICATION	0.99998873250608
chr18	48950737	48951651	DUPLICATION	0.99999605492626
chr18	57024536	57024785	DUPLICATION	0.99999876337168
chr18	60440018	60453912	DUPLICATION	1.0
chr18	68908769	68909295	DUPLICATION	0.9999950562642671
chr18	73288267	73290080	DUPLICATION	0.999999707707984
chr18	75012272	75012946	DUPLICATION	0.9999999997838209
chr18	78979869	78980826	DUPLICATION	0.999997504464319
chr18	79618626	79620711	DUPLICATION	1.0
chr18	102672	112536	DELETION	1.0
chr18	10151021	10151119	DELETION	0.9999999997858259
chr18	10379137	10380684	DELETION	0.9999999686343941
chr18	10604865	10605322	DELETION	0.9999999974763921
chr18	10765761	10765795	DELETION	0.999999999999958
chr18	14801754	14804951	DELETION	0.999997968090564
chr18	30403762	30404314	DELETION	0.999966201528018
chr18	39800888	39802753	DELETION	0.9999905585604989
chr18	50181060	50182861	DELETION	0.9999997003170229
chr18	51410911	51417733	DELETION	0.9999999912767591
chr18	52602288	52602401	DELETION	0.999999596327953
chr18	53412326	53415212	DELETION	0.999998908482693
chr18	53583856	53585192	DELETION	0.99999989112493
chr18	54862788	54865356	DELETION	0.9999937548293979
chr18	58163558	58163865	DELETION	0.9999786238648092
chr18	58466204	58466506	DELETION	0.999992601655113
chr18	64143306	64143735	DELETION	0.999999919453973
chr18	66056315	66064504	DELETION	0.999999999820403
chr18	71151798	71152162	DELETION	0.9999999853087491
chr18	75033748	75033906	DELETION	0.9999550919105451
chr18	78230707	78230778	DELETION	0.9999973874415301
chr18	79522342	79522414	DELETION	0.9999853278886099
chr19	489059	491701	DUPLICATION	0.999999943050847
chr19	1228060	1231627	DUPLICATION	0.9999874446286858
chr19	3464323	3467382	DUPLICATION	0.999978322360643
chr19	8679121	8679458	DUPLICATION	0.9999899599882092
chr19	8767307	8768089	DUPLICATION	0.999983673819695
chr19	9167433	9175156	DUPLICATION	1.0
chr19	12641516	12643777	DUPLICATION	0.999998994714802
chr19	13764077	13765008	DUPLICATION	0.9999807149391361
chr19	32608311	32608599	DUPLICATION	0.9999954452045441
chr19	36269731	36305249	DUPLICATION	1.0
chr19	51630482	51644832	DUPLICATION	0.9999999999999659
chr19	52532737	52538743	DUPLICATION	0.9999655262432809
chr19	54829479	54832152	DUPLICATION	0.999999993300734
chr19	54839242	54842944	DUPLICATION	0.9999999999936329
chr19	55850729	55851982	DUPLICATION	0.9999943262852939
chr19	8775793	8783929	DELETION	0.9999999550736821
chr19	13980732	13980757	DELETION	0.999969782133045
chr19	21569042	21572377	DELETION	1.0
chr19	35358765	35359659	DELETION	0.99999999857988
chr19	37280464	37280669	DELETION	0.99999999898737
chr19	37283533	37293653	DELETION	1.0
chr19	38772388	38774190	DELETION	0.999982074030582
chr19	40881396	40884495	DELETION	0.9999999999999599
chr19	47925593	47939688	DELETION	1.0
chr19	52817497	52818104	DELETION	0.99999888081256
chr19	52888023	52888653	DELETION	0.999999999999898
chr19	53014060	53049221	DELETION	1.0
chr19	53311857	53312449	DELETION	0.99999999894016
chr19	54748481	54755033	DELETION	1.0
chr19	54766430	54780388	DELETION	1.0
chr19	54847353	54848050	DELETION	0.9999999998959659
chr19	55756830	55777576	DELETION	1.0
chr19	58282150	58285979	DELETION	0.9999778722818679
chr20	380879	382129	DUPLICATION	0.99999999988242
chr20	652919	653325	DUPLICATION	0.999999234859183
chr20	26079987	26083606	DUPLICATION	0.999999999993108
chr20	59879190	59881897	DUPLICATION	0.999999398708899
chr20	61438826	61439269	DUPLICATION	0.999996550741092
chr20	257796	259296	DELETION	0.9999999773955859
chr20	763927	764023	DELETION	0.999999999154979
chr20	3669885	3669988	DELETION	0.9999677456426249
chr20	7718557	7719387	DELETION	0.9999789560733541
chr20	10020789	10020856	DELETION	0.9999982078453771
chr20	13030973	13032371	DELETION	0.999986426707225
chr20	13066634	13067267	DELETION	0.99999998788711
chr20	16288446	16288783	DELETION	0.999999590715357
chr20	17699900	17702431	DELETION	0.999999997194832
chr20	18554974	18555449	DELETION	1.0
chr20	19379542	19382693	DELETION	0.999964541512278
chr20	20182716	20182782	DELETION	0.999999999996868
chr20	29496800	29497367	DELETION	0.999998745812697
chr20	30236356	30237578	DELETION	0.9999999320730608
chr20	36903987	36904028	DELETION	1.0
chr20	40002137	40004018	DELETION	0.9999999999984152
chr20	47827072	47828296	DELETION	0.9999936314368799
chr20	60783471	60786327	DELETION	0.999987224540012
chr20	61102293	61103116	DELETION	0.9999947896217529
chr20	62375720	62375803	DELETION	0.999958430544627
chr20	63626196	63626230	DELETION	0.999955334701637
chr20	64318427	64319846	DELETION	0.9999991445831321
chr21	6264165	6270822	DUPLICATION	0.9999999999993271
chr21	6448602	6469483	DUPLICATION	0.9999983194415529
chr21	6927585	6932606	DUPLICATION	0.9999916590431608
chr21	8219532	8220542	DUPLICATION	0.999999999994394
chr21	8383580	8396860	DUPLICATION	0.9999971213295581
chr21	8533539	8551960	DUPLICATION	1.0
chr21	8577245	8631075	DUPLICATION	1.0
chr21	8682144	8703199	DUPLICATION	1.0
chr21	8846708	8859279	DUPLICATION	0.999999980223052
chr21	8876390	8879919	DUPLICATION	0.999982850737678
chr21	9542422	9556628	DUPLICATION	1.0
chr21	13037876	13174960	DUPLICATION	1.0
chr21	13663504	13676183	DUPLICATION	0.999999999999935
chr21	44175075	44176530	DUPLICATION	0.999964647331227
chr21	46382210	46384626	DUPLICATION	1.0
chr21	5054188	5061615	DELETION	0.99999997972764
chr21	5242926	5245487	DELETION	0.999999865634223
chr21	6023681	6023938	DELETION	0.999999069097261
chr21	6273302	6274447	DELETION	0.999998113602789
chr21	6291249	6296851	DELETION	1.0
chr21	6300728	6301049	DELETION	0.9999999999640601
chr21	6308384	6310448	DELETION	1.0
chr21	6314726	6315111	DELETION	0.9999999989349209
chr21	6332389	6345705	DELETION	0.9999999999904159
chr21	6348227	6348887	DELETION	0.999957481883885
chr21	6356622	6357340	DELETION	0.9999865643754721
chr21	6799344	6815459	DELETION	0.999999999843547
chr21	6914234	6918419	DELETION	0.9999996808396071
chr21	7566258	7567034	DELETION	0.9999973573019971
chr21	7626031	7629061	DELETION	0.999999999999153
chr21	8447048	8451715	DELETION	0.9999999995950151
chr21	9063438	9065211	DELETION	0.9999999999495072
chr21	9114949	9127963	DELETION	1.0
chr21	9191031	9192999	DELETION	1.0
chr21	9569459	9570677	DELETION	1.0
chr21	9577530	9579196	DELETION	1.0
chr21	9589805	9597373	DELETION	0.9999999999984079
chr21	9615024	9615909	DELETION	0.9999999999866469
chr21	9635209	9636026	DELETION	0.999978192939029
chr21	9675005	9691451	DELETION	1.0
chr21	9706177	9706783	DELETION	0.999999955801824
chr21	9809384	9839038	DELETION	1.0
chr21	10092549	10096304	DELETION	0.999991164213577
chr21	10109715	10147384	DELETION	1.0
chr21	10605250	10613285	DELETION	0.999999999999996
chr21	10629184	10738737	DELETION	1.0
chr21	14064416	14066888	DELETION	1.0
chr21	15030826	15031234	DELETION	0.999999952229501
chr21	16924847	16925191	DELETION	0.9999999907901099
chr21	27444854	27445764	DELETION	0.9999550191015371
chr21	35648071	35648379	DELETION	0.9999999831305559
chr21	36553417	36555853	DELETION	0.999965345614861
chr21	39444260	39445431	DELETION	0.999999543888128
chr21	43039480	43040294	DELETION	0.999973060380808
chr21	46543530	46543573	DELETION	0.999972613107383
chr22	11068159	11247378	DUPLICATION	0.999999999247191
chr22	12150378	12158786	DUPLICATION	0.9999736269460631
chr22	15653767	15705428	DUPLICATION	1.0
chr22	15760953	15761893	DUPLICATION	0.999992317437336
chr22	15769558	15772009	DUPLICATION	0.9999962309928149
chr22	15821202	15823220	DUPLICATION	0.9999985293249131
chr22	15824857	15827603	DUPLICATION	0.9999999998934279
chr22	15838866	15842495	DUPLICATION	0.9999999999984829
chr22	15856219	15856579	DUPLICATION	0.9999758774723171
chr22	15862780	15865150	DUPLICATION	0.999999999934485
chr22	16546031	16549237	DUPLICATION	0.99999999999998
chr22	18517955	18540260	DUPLICATION	0.9999999477712009
chr22	21126963	21130694	DUPLICATION	0.9999999985028342
chr22	22765764	22766173	DUPLICATION	0.9999994709968442
chr22	24006480	24008033	DUPLICATION	0.9999999999971659
chr22	32530427	32532119	DUPLICATION	0.999999982344162
chr22	38962237	38992203	DUPLICATION	1.0
chr22	10510958	10710091	DELETION	1.0
chr22	10719443	10720485	DELETION	0.999999999989311
chr22	12197543	12211522	DELETION	1.0
chr22	12722699	12776485	DELETION	1.0
chr22	12813722	12815925	DELETION	0.9999999981291791
chr22	12904672	15277981	DELETION	1.0
chr22	15332889	15336304	DELETION	0.9999951491810408
chr22	15541431	15544357	DELETION	1.0
chr22	15631289	15631719	DELETION	1.0
chr22	15730623	15732546	DELETION	0.999999999999958
chr22	15737556	15756535	DELETION	1.0
chr22	15805718	15818100	DELETION	1.0
chr22	15916576	16027750	DELETION	1.0
chr22	16333175	16334379	DELETION	0.99999682859583
chr22	16338232	16342810	DELETION	0.999999678110563
chr22	17826594	17827303	DELETION	0.9999699815031999
chr22	18222405	18373377	DELETION	1.0
chr22	18400040	18403533	DELETION	0.999998381615234
chr22	18424038	18427466	DELETION	0.999999998709854
chr22	18510439	18515385	DELETION	0.9999999999999829
chr22	18735596	18821753	DELETION	1.0
chr22	18854398	18857251	DELETION	0.999996342219016
chr22	18863582	18874627	DELETION	0.999999998507673
chr22	18875855	18888641	DELETION	1.0
chr22	20690528	20690711	DELETION	0.999999998325575
chr22	21132375	21132936	DELETION	0.9999999999970121
chr22	21144978	21150835	DELETION	1.0
chr22	21171346	21173316	DELETION	0.9999999999967091
chr22	21184865	21193519	DELETION	0.999999999966304
chr22	21284481	21290088	DELETION	1.0
chr22	22628484	22629566	DELETION	0.9999935279235491
chr22	22900486	22905852	DELETION	1.0
chr22	23533455	23533528	DELETION	0.9999924131933521
chr22	23839697	23839963	DELETION	0.9999999998262471
chr22	23931933	23942986	DELETION	0.9999999999952991
chr22	23953843	23993867	DELETION	1.0
chr22	24673671	24673983	DELETION	0.9999999353774771
chr22	25354568	25354966	DELETION	0.999988965681307
chr22	25899297	25899852	DELETION	0.99999999583489
chr22	34395747	34397239	DELETION	0.9999928810722929
chr22	49274542	49275141	DELETION	0.9999654933832199
chrM	65	320	DUPLICATION	1.0
chrX	115881217	115884190	DUPLICATION	0.9999993667438349
chrX	125278679	125280393	DUPLICATION	0.999971834044152
chrX	947452	1173720	DELETION	0.9999999893497059
chrX	1817884	2758805	DELETION	1.0
chrX	3300312	3303017	DELETION	0.999988471013885
chrX	3573021	3577199	DELETION	0.9999958014582769
chrX	5773385	5781050	DELETION	0.9999871524159158
chrX	6876629	6881888	DELETION	0.999998986161412
chrX	7025917	7029771	DELETION	0.9999978944956541
chrX	7843114	7844090	DELETION	1.0
chrX	8183388	8198730	DELETION	0.9999973558686991
chrX	8535601	8537750	DELETION	0.999984291299067
chrX	9403294	9412428	DELETION	1.0
chrX	9845675	9849940	DELETION	0.999999962126168
chrX	12293222	12297973	DELETION	0.9999996181800179
chrX	26131452	26138494	DELETION	0.999999921794543
chrX	28205407	28206411	DELETION	0.9999676590774591
chrX	28786496	28791466	DELETION	0.999994326252628
chrX	31982628	31991360	DELETION	0.9999710206055981
chrX	33031013	33033302	DELETION	0.9999986911133051
chrX	34727876	34735583	DELETION	0.999998450557889
chrX	36717728	36722886	DELETION	0.999976172951108
chrX	43544627	43565736	DELETION	0.999999715513432
chrX	46203284	46210684	DELETION	0.9999999965007791
chrX	49317651	49329055	DELETION	1.0
chrX	49757975	49762580	DELETION	0.999994015779381
chrX	52189953	52212301	DELETION	1.0
chrX	52473475	52483670	DELETION	0.999984048454188
chrX	54810073	54840797	DELETION	0.9999999855715409
chrX	72763557	72768710	DELETION	0.9999963692838979
chrX	72792968	72848723	DELETION	1.0
chrX	80725753	80726717	DELETION	0.9999999994452791
chrX	84239943	84260125	DELETION	0.999973358788802
chrX	89140964	89141116	DELETION	0.9999652251285671
chrX	89202005	89205867	DELETION	1.0
chrX	89921918	89928090	DELETION	0.999995108208049
chrX	92404663	92412674	DELETION	0.999999973900468
chrX	100854979	100872405	DELETION	0.999966922977603
chrX	101597876	101600153	DELETION	0.999995578526638
chrX	102215699	102227799	DELETION	0.999999845165034
chrX	117944600	117971210	DELETION	0.999999842650798
chrX	120073378	120074412	DELETION	0.999999998851127
chrX	121194950	121204229	DELETION	0.9999897664192109
chrX	128618532	128621857	DELETION	0.999999688812418
chrX	131137112	131137650	DELETION	0.999989338211305
chrX	131678569	131680593	DELETION	0.999994262803339
chrX	135233656	135247898	DELETION	0.999999999999235
chrX	135719105	135721285	DELETION	0.9999644807842151
chrX	135750852	135760449	DELETION	0.99999962552083
chrX	140837588	140888569	DELETION	0.9999955850774279
chrX	141534192	141545187	DELETION	0.999999999898279
chrX	146814406	146823815	DELETION	0.9999898424729441
chrX	149743452	149746432	DELETION	0.9999999761734979
chrX	149770260	149771307	DELETION	0.999990699861801
chrX	150262681	150281914	DELETION	0.9999992838688171
chrX	151236765	151247357	DELETION	0.999977851889394
chrX	152759922	152769398	DELETION	1.0
chrX	153107395	153150274	DELETION	1.0
chrX	153277158	153292669	DELETION	0.999973789540958
chrX	154566739	154568561	DELETION	0.9999900686569301
chrX	154636277	154645000	DELETION	0.99999999846081
chrY	11338501	11417596	DUPLICATION	1.0
chrY	24240843	24249628	DUPLICATION	0.999976289271162
